{"Electricity from fossil fuels (TWh)": 0.5583525952782868, "Electricity from nuclear (TWh)": 0.8197112003893217, "Electricity from renewables (TWh)": 0.48582738589189883, "Financial flows to developing countries (US $)": 0.9646576504792235, "Primary energy consumption per capita (kWh/person)": 0.9617245158091839, "Renewable-electricity-generating-capacity-per-capita": 0.7077382532187697, "Renewables (% equivalent primary energy)": 0.5658122648768857, "Value_co2_emissions_kt_by_country": 0.9647790944907781, "gdp_growth": 0.6494579388243971, "gdp_per_capita": 0.8906415456312132}