{"Electricity from fossil fuels (TWh)": -0.00027280382056186803, "Electricity from nuclear (TWh)": -0.08627650807387569, "Electricity from renewables (TWh)": 0.04219941088375748, "Financial flows to developing countries (US $)": 0.07111069864064863, "Primary energy consumption per capita (kWh/person)": 0.15006946894205225, "Renewable-electricity-generating-capacity-per-capita": 0.135754687809348, "Renewables (% equivalent primary energy)": 0.27694591903303367, "Value_co2_emissions_kt_by_country": 0.009874438237444785, "gdp_growth": 0.2983989306303598, "gdp_per_capita": 0.038340805405688606}