{"Electricity from fossil fuels (TWh)": -0.0002728162056253359, "Electricity from nuclear (TWh)": -0.08627650939974046, "Electricity from renewables (TWh)": 0.04219941152471547, "Financial flows to developing countries (US $)": 0.07111069864064863, "Primary energy consumption per capita (kWh/person)": 0.15006946894205225, "Renewable-electricity-generating-capacity-per-capita": 0.13575468020439202, "Renewables (% equivalent primary energy)": 0.27694591493054044, "Value_co2_emissions_kt_by_country": 0.009874438237444785, "gdp_growth": 0.29839893781424703, "gdp_per_capita": 0.03834078564922711}